{
  "A2C": {
    "mean": 95.33333333333333,
    "std": 13.279892904521313,
    "min": 59,
    "max": 117,
    "all_makespans": [
      59,
      103,
      83,
      115,
      117,
      86,
      86,
      98,
      96,
      104,
      99,
      108,
      108,
      85,
      81,
      114,
      108,
      83,
      107,
      91,
      101,
      107,
      102,
      82,
      79,
      100,
      92,
      79,
      104,
      83
    ],
    "idle_time": 301.0,
    "utilization": 0.39558232931726905
  },
  "FIFO": {
    "mean": 152.0,
    "std": 0.0,
    "min": 152,
    "max": 152,
    "all_makespans": [
      152,
      152,
      152,
      152,
      152,
      152,
      152,
      152,
      152,
      152,
      152,
      152,
      152,
      152,
      152,
      152,
      152,
      152,
      152,
      152,
      152,
      152,
      152,
      152,
      152,
      152,
      152,
      152,
      152,
      152
    ]
  },
  "SPT": {
    "mean": 109.0,
    "std": 0.0,
    "min": 109,
    "max": 109,
    "all_makespans": [
      109,
      109,
      109,
      109,
      109,
      109,
      109,
      109,
      109,
      109,
      109,
      109,
      109,
      109,
      109,
      109,
      109,
      109,
      109,
      109,
      109,
      109,
      109,
      109,
      109,
      109,
      109,
      109,
      109,
      109
    ]
  },
  "LPT": {
    "mean": 129.0,
    "std": 0.0,
    "min": 129,
    "max": 129,
    "all_makespans": [
      129,
      129,
      129,
      129,
      129,
      129,
      129,
      129,
      129,
      129,
      129,
      129,
      129,
      129,
      129,
      129,
      129,
      129,
      129,
      129,
      129,
      129,
      129,
      129,
      129,
      129,
      129,
      129,
      129,
      129
    ]
  },
  "EDD": {
    "mean": 101.0,
    "std": 0.0,
    "min": 101,
    "max": 101,
    "all_makespans": [
      101,
      101,
      101,
      101,
      101,
      101,
      101,
      101,
      101,
      101,
      101,
      101,
      101,
      101,
      101,
      101,
      101,
      101,
      101,
      101,
      101,
      101,
      101,
      101,
      101,
      101,
      101,
      101,
      101,
      101
    ]
  },
  "RANDOM": {
    "mean": 98.63333333333334,
    "std": 13.707621562068631,
    "min": 70,
    "max": 127,
    "all_makespans": [
      93,
      92,
      107,
      101,
      84,
      127,
      104,
      111,
      118,
      108,
      70,
      102,
      118,
      92,
      112,
      94,
      98,
      91,
      79,
      87,
      106,
      81,
      91,
      120,
      104,
      92,
      79,
      98,
      85,
      115
    ]
  }
}